cluster,WCSS_Score
3,295.212246
4,205.225147
5,168.24758
6,133.868334
7,117.011555
8,103.828578
