{
    "n_clusters": 6,
    "silhouette_score": 0.4284167762892593,
    "inertia": 133.86842085478855
}