{
    "n_clusters": 5,
    "silhouette_score": 0.41664341513732767,
    "inertia": 168.24758017556834
}