cluster,Silhouette_Score
3,0.357793
4,0.403958
5,0.416643
6,0.427428
7,0.417232
8,0.408681
